col0,col1,col2,col3,col4,col5,col6,col7,col8,col9,col10,col11,col12,col13,col14
25.6831695776047,0.0212465057665942,-0.7524571366288738,0.0653094769320126,-0.3139705077426714,-0.0200219285364445,-0.243355675311253,-0.023177084035807,-0.1104502402351303,0.0597844487523114,-0.0538185976011284,0.1594983468314863,,,ester
25.6831695776047,0.0020248959619598,-0.5725309836166476,0.0228725740641866,-0.0880196173637476,-0.0120742817779539,-0.2203032995299466,-0.0400151534628091,-0.0420668435055965,-0.0090911375215093,,,-0.0385838909662248,-0.009768936223756,ester
25.6831695776047,0.0010489938551264,-0.4428231997593838,0.0223925545021102,-0.0571270385762685,-0.0073097368627572,-0.1786330786635922,-0.0314011115767899,-0.0234852436134742,0.0008072078401615,,,-0.024112922911502,-0.0046555784850291,ester
25.6831695776047,0.0006293309431962,-0.3828899027840824,0.0277829635691321,-0.0476148503131156,-0.0064179574715145,-0.179588289770491,-0.0344722448241323,-0.017962427849612,0.0040582713500898,,,-0.021490262614661,-0.0072990800005676,ester
25.6831695776047,0.0077942160182944,,,-0.1670242401608585,0.0041665257151465,-0.1566744085930241,-0.018360836074666,-0.0803953416207518,0.0120680168579362,,,-0.0892795462053948,-0.0153036669859991,ester
25.6831695776047,0.0114347771347365,-1.3045773351406946,0.1119930883588914,-0.3751324203808368,-0.0603063332942073,-0.7664003005194342,-0.1222277479801813,-0.136062294221738,0.0633275958858354,,,-0.1734521738538686,-0.0724561268986118,ester
