col0,col1,col2,col3,col4,col5,col6,col7,col8,col9,col10,col11,col12,col13,col14,col15,col16,col17,col18,col19,col20,col21,col22,col23,col24,col25,col26,col27,col28,col29,col30,col31,col32,col33,col34
1,1,3,2005,2005,K,K.78,K.78.2,D,C,F,?,?,C,?,C,A,B,F,D,4,1.2705325,0.9994181,0.5881536,0.9083511,1.0089121,0.2610397,0.9077934,-0.077998,M,-0.2315299,-0.2661168,-0.2723372,-0.2514189,0
2,2,2,2005,2003,Q,Q.22,Q.22.3,B,C,A,A,A,E,C,A,B,A,B,D,5,0.2179505,0.5671395,1.4212056,0.4855086,1.2408507,0.4329871,-0.7264591,0.2047848,O,-0.2315299,-0.2661168,-0.2723372,-0.2514189,0
3,3,1,2005,1998,AR,AR.41,AR.41.1,B,?,A,A,A,C,C,A,B,A,E,D,2,-0.7542818,-1.6461267,-1.1010908,-1.6794449,-0.9714867,-1.4057974,-0.8370476,-1.1768577,F,-0.2315299,-0.2661168,-0.2723372,-0.2514189,0
4,3,1,2006,1998,AR,AR.41,AR.41.1,B,?,A,A,A,C,C,A,B,B,B,B,2,-0.7542818,-1.6461267,-1.1010908,-1.6794449,-0.9714867,-1.4057974,-0.8370476,-1.1768577,F,-0.2315299,-0.2661168,-0.2723372,-0.2514189,0
5,3,2,2005,2001,D,D.20,D.20.0,J,C,B,?,?,D,?,A,B,A,B,B,5,0.5634545,1.8639752,1.8145913,1.8386046,0.8126563,2.1126909,1.5344617,2.3472605,F,-0.2315299,-0.2661168,-0.2723372,-0.2514189,0
6,3,2,2006,2001,D,D.20,D.20.0,J,C,B,?,?,D,?,A,B,B,A,D,5,0.5634545,1.8639752,1.8145913,1.8386046,0.8126563,2.1126909,1.5344617,2.3472605,F,-0.2315299,-0.2661168,-0.2723372,-0.2514189,0
7,4,1,2006,2001,AJ,AJ.129,AJ.129.3,G,C,A,A,C,E,A,A,B,A,E,C,4,0.7000491,0.2213167,1.0509603,0.1472346,0.5807177,0.5511279,0.4162889,-0.024395,M,-0.2315299,-0.2661168,-0.2723372,-0.2514189,0
8,4,2,2006,2002,AQ,AQ.17,AQ.17.1,B,C,B,A,A,D,C,B,A,A,C,B,4,0.017076,0.2213167,0.3336099,0.2318031,0.5271934,-0.0231999,-0.7018839,0.2266635,M,-0.2315299,-0.2661168,-0.2723372,-0.2514189,0
9,4,3,2005,2002,AQ,AQ.17,AQ.17.1,B,C,B,A,A,D,C,B,A,B,B,C,4,0.017076,0.2213167,0.3336099,0.2318031,0.5271934,-0.0231999,-0.7018839,0.2266635,M,-0.2315299,-0.2661168,-0.2723372,-0.2514189,0
