col0,col1,col2,col3,col4,col5,col6,col7
1,754856,754856,100000,300011,-79.4501038,43.7187347,House
2,600008,600008,100009,300033,-79.3867874,43.6702271,Other
3,600008,600008,157000,300071,-79.3436279,43.7074776,Commercial
4,600008,600008,157000,300071,-79.3436279,43.7074776,Commercial
5,600008,600008,100001,300071,-79.3436279,43.7074776,Other
