col0,col1,col2,col3,col4,col5,col6,col7,col8,col9,col10,col11,col12,col13
1126949,Aspergillus niger,Aspni7,NRPS,400.0,"1126974, 1187367,1223042",57.0,2200.0,18.94243563,0.676515558,GMCAGCCRMGRASW,12.0,11.0,15.0
1585,Aspergillus bombycis,Aspbom1,Terpene,400.0,"1586, 1590, 1599, 1607, 1627, 1646",72.0,0.00013,16.66085289,0.555361763,WTYTHTTCYTTKTYY,28.0,11.0,15.0
308983,Aspergillus phoenicis,Aspph1,Hybrid,400.0,"258609, 241529, 339635",64.0,3200.0,23.61207972,0.787069324,ABKTCTGATKTCYKS,7.0,11.0,15.0
363683,Aspergillus piperis,Asppip1,PKS non-reducing ,400.0,"500956, 501041,",60.0,48.0,19.30737313,0.643579104,AGCAKSGWKGGGGKR,13.0,11.0,15.0
3694*,Aspergillus nidulans,Aspnid1,PKS-like,400.0,3700,55.0,0.0062,17.00204564,0.772820256,CTCGSTGRCCG,16.0,11.0,15.0
375915,Aspergillus steynii,Aspste1,PKS non-reducing ,400.0,"433424, 443651, 487283, 487301, 453185, 453189, 471414",82.0,2.1e-06,13.27678037,0.442559346,TYTKBMHTNTYHYYC,58.0,11.0,15.0
42025,Aspergillus aculeatis,Aspac1,NRPS,400.0,42057,55.0,2.2e-09,14.99115169,0.499705056,YYTCHYYCCYYYYCT,36.0,11.0,15.0
520563,Aspergillus versicolor,Aspve1,NRPS,400.0,"26379,  81201, 39012, 69969    ",61.0,8.1,17.46788989,0.582262996,AAMCMGHCCYCAWSG,19.0,11.0,15.0
763569,Aspergillus calidoustis,Aspcal1,DMAT,400.0,"763580, 763602,",72.0,130.0,19.87698133,0.764499282,ATCCCCGMBCTGC,11.0,11.0,15.0
768825,Aspergillus calidoustis,Aspcal1,PKS non-reducing,400.0,"768832, 768861, 768862, 768870",60.0,86.0,18.10844084,0.603614695,VTATNBAVCACAAAA,16.0,11.0,15.0
8033*,Aspergillus fumigatus ,Aspfu1,NRPS,400.0,8035,24.0,9.9e-10,19.20623244,0.685936873,TKYTCGGAKGCCGA,14.0,11.0,15.0
8528,Aspergillus bombycis,Aspbom1,PKS non-reducing,400.0,"8562, 8565",52.0,0.068,17.4807892,0.582692973,TTTMHYYTTTKYTWH,21.0,11.0,15.0
8622,Aspergillus niger,Aspni_NRRL3_1,Terpene,400.0,"8625, 8635, 8652, 8671, 8673",60.0,0.013,22.13014934,0.737671645,CDACCCCCAYYCTTG,10.0,11.0,15.0
9827,Aspergillus niger,Aspni_NRRL3_1,PKS non-reducing,400.0,"9817, 9831, 9840, 9846",57.0,0.00034,17.26841418,0.575613806,CYRTYYCCKCCTYCC,20.0,11.0,15.0
*clusters used in proof of concept,,,,,,,,,,,,,
