col0,col1,col2,col3,col4,col5,col6,col7,col8,col9,col10,col11,col12,col13,col14,col15,col16,col17,col18,col19,col20,col21,col22,col23,col24,col25,col26,col27,col28,col29
Stencil2__k1_Tahiti1 ,1,2722,26, {   4032    4032       1} , NULL ,1.26504,0,5,16, NA , NA ,254016.0,27.0,2.0,4.0,7.0,1.0,0.0,100.0,30.48,4.06,63705.19,54.76,88.08,25.6,28.3,0.0,63548.66,0.0
Stencil2__k2_Tahiti1 ,2,2722,28, {   4032    4032       1} , NULL ,1.03393,0,5,16, NA , NA ,254016.0,27.0,2.0,4.0,7.0,1.0,0.0,100.0,30.43,4.06,63708.88,54.77,88.46,26.47,30.31,0.0,63552.03,0.0
Stencil2__k1_Tahiti1 ,3,2722,30, {   4032    4032       1} , NULL ,0.90267,0,5,16, NA , NA ,254016.0,27.0,2.0,4.0,7.0,1.0,0.0,100.0,30.39,4.05,63711.31,54.76,88.78,26.18,36.18,0.0,63548.47,0.0
Stencil2__k2_Tahiti1 ,4,2722,32, {   4032    4032       1} , NULL ,0.89822,0,5,16, NA , NA ,254016.0,27.0,2.0,4.0,7.0,1.0,0.0,100.0,30.5,4.07,63696.5,54.77,88.46,25.4,33.24,0.0,63550.31,0.0
Stencil2__k1_Tahiti1 ,5,2722,34, {   4032    4032       1} , NULL ,0.90459,0,5,16, NA , NA ,254016.0,27.0,2.0,4.0,7.0,1.0,0.0,100.0,30.43,4.06,63704.44,54.75,88.42,26.39,34.07,0.0,63549.16,0.0
Stencil2__k2_Tahiti1 ,6,2722,36, {   4032    4032       1} , NULL ,0.90519,0,5,16, NA , NA ,254016.0,27.0,2.0,4.0,7.0,1.0,0.0,100.0,30.46,4.06,63700.25,54.78,88.52,26.03,33.33,0.0,63549.12,0.0
Stencil2__k1_Tahiti1 ,7,2722,38, {   4032    4032       1} , NULL ,0.90563,0,5,16, NA , NA ,254016.0,27.0,2.0,4.0,7.0,1.0,0.0,100.0,30.4,4.05,63719.31,54.78,88.19,25.86,28.56,0.0,63548.41,0.0
Stencil2__k2_Tahiti1 ,8,2722,40, {   4032    4032       1} , NULL ,1.02148,0,5,16, NA , NA ,254016.0,27.0,2.0,4.0,7.0,1.0,0.0,100.0,30.06,4.01,63707.81,54.77,86.93,24.8,32.78,0.0,63549.81,0.0
