col0,col1,col2,col3,col4,col5,col6,col7,col8,col9,col10,col11,col12,col13,col14,col15,col16,col17,col18,col19,col20,col21,col22,col23,col24,col25,col26,col27,col28,col29,col30
1,0,,,,,,Sol,0.0,0.0,0.0,-26.7,4.85,G2V,0.656,,1.0,5e-06,0.0,0.0,0.0,0.0,0.0,0,5756.58811269391,503.423198475776,38,,,,
2,70666,70890.0,,,Gl 551,,Proxima Centauri,14.495985,-62.679485,1.2959,11.01,15.447,M5Ve,1.807,Cen,5.77032135332929e-05,-0.472264,-0.361451,-1.151219,-1.186e-05,2.079e-05,1.675e-05,4,3383.44119308972,856.524418369921,57,,,,
3,71453,71681.0,128621.0,5460.0,Gl 559B,Alp2Cen,,14.660346,-60.8383,1.3248,1.35,5.739,K1V,0.9,Cen,0.440960816450638,-0.495181,-0.413973,-1.156674,-7.22e-06,2.476e-05,2.491e-05,0,4996.41583327505,580.015774647887,45,,,,
4,71456,71683.0,128620.0,5459.0,Gl 559A,Alp1Cen,Rigil Kentaurus,14.660765,-60.833976,1.3248,-0.01,4.379,G2V,0.71,Cen,1.54312106565779,-0.495203,-0.414084,-1.156625,-7.22e-06,2.476e-05,2.491e-05,0,5567.72873739779,520.499495698213,40,,,,
5,87665,87937.0,,,Gl 699,,Barnard's Star,17.963472,4.693388,1.8238,9.54,13.235,sdM4,1.57,Oph,0.0004425883723626,-0.017373,-1.816613,0.149123,-5.91e-06,0.0001204,7.888e-05,0,3691.16854287244,785.117224082322,54,,,,
