col0,col1,col2,col3,col4,col5,col6,col7,col8,col9,col10,col11,col12,col13,col14,col15,col16,col17,col18,col19,col20,col21,col22,col23,col24,col25,col26,col27,col28,col29,col30,col31,col32,col33,col34,col35,col36,col37,col38,col39,col40,col41,col42,col43,col44,col45,col46,col47,col48,col49,col50,col51,col52,col53,col54,col55,col56,col57,col58,col59,col60,col61
211078780.0,KTWO211078780-C04,4.0,33.0,55.902885,24.23231,LC,38.6,4.3,-45.4,4.5,,,,,15.974,0.09,14.477,0.06,15.296,0.06,13.818,0.04,12.943,0.07,,,10.98,0.018,10.477,0.039,10.126,0.026,13.649,gri,,,,572-008488,03433662+2413562,,1.0,0.0,0.933,880.688,783.41,665.158,15.0,3.0,51.0,,,0.0279999999999999,55.90241918763,24.23213068839,55.90241918763,24.23213068839,0.8,55.90241918763,24.23213068839,100.0,1e-05
211016313.0,KTWO211016313-C04,4.0,33.0,53.032755,23.232655,LC,,,,,,,,,,,,,,,,,,,,,13.135,0.023,12.486,0.021,12.254,0.02,15.459,JHK,,,,,03320786+2313575,,1.0,0.0,0.755,1714.616,1451.74,1213.516,20.0,3.0,71.0,,,0.013,53.032851582443335,23.232463310423327,53.032851582443335,23.232463310423327,0.96,,,,
,,,,,,,,,,,,,,,,,,,,,,,,,,,,,,,,,,,,,,,,,,,,,,,,,,,,,55.33337204530333,22.631509537010004,55.33337204530333,22.631509537010004,0.7,,,,
,,,,,,,,,,,,,,,,,,,,,,,,,,,,,,,,,,,,,,,,,,,,,,,,,,,,,57.44604515239334,25.710118994376675,,,,57.44604515239334,25.710118994376675,236.0,
210969937.0,KTWO210969937-C04,4.0,33.0,58.1436,22.502142000000003,LC,17.9,2.2,-39.9,2.4,,,,,,,,,,,,,,,,,12.29,0.024,11.609000000000002,0.022,11.39,0.018,14.669,JHK,,,,563-008459,03523446+2230078,,1.0,0.0,0.903,981.138,959.868,929.216,14.0,4.0,48.0,,,0.009,58.14366898863668,22.50200147532666,58.14366898863668,22.50200147532666,0.1,58.14366898863668,22.50200147532666,125.0,1e-06
210949721.0,KTWO210949721-C04,4.0,33.0,57.451815,22.180164,LC,,,,,,,,,,,,,,,,,,,,,12.948,0.023,12.242,0.024,11.994000000000002,0.023,15.45,JHK,,,,,03494843+2210485,,1.0,0.0,0.8440000000000001,1424.815,1367.815,1317.787,14.0,4.0,48.0,,,0.011,57.45189037290335,22.18000419875,,,,57.45189037290335,22.18000419875,879.0,
211042471.0,KTWO211042471-C04,4.0,33.0,57.374175,23.648769,LC,,,,,,,,,,,,,,,,,,,,,13.528,0.024,12.967,0.031,12.663,0.023,15.802,JHK,,,,,03492980+2338555,,1.0,0.0,0.738,2298.953,2022.74,1797.345,15.0,1.0,49.0,,,0.013,57.37427040619334,23.648560250723328,,,,57.37427040619334,23.648560250723328,126.0,
