col0,col1,col2,col3
1,2,647.948,-9.255963134931783e+61
1,4,2752.052,-9.255963134931783e+61
2,3,207.847,-9.255963134931783e+61
2,5,1840.101,-9.255963134931783e+61
3,6,707.847,-9.255963134931783e+61
4,5,3226.834,-9.255963134931783e+61
4,7,1725.218,-9.255963134931783e+61
5,6,2988.47,-9.255963134931783e+61
5,8,2078.465,-9.255963134931783e+61
6,9,1696.317,-9.255963134931783e+61
7,8,325.218,-9.255963134931783e+61
8,9,503.683,-9.255963134931783e+61
