col0,col1,col2,col3,col4,col5,col6,col7,col8,col9
mex,Mexico,202002,2020-02,0.6585858585858586,1.195959595959596,3.868686868686869,2.3252525252525253,6.894949494949496,-1.1656565656565656
mex,Mexico,202003,2020-03,-15.173998044965789,-3.728250244379277,-13.55620723362659,-15.687194525904204,-9.563049853372434,5.364613880742913
mex,Mexico,202004,2020-04,-56.42323232323232,-22.47070707070707,-48.316161616161615,-55.64444444444443,-44.56363636363636,19.33333333333333
mex,Mexico,202005,2020-05,-55.275659824046926,-21.801564027370475,-48.04105571847507,-55.73704789833823,-36.9960899315738,18.703812316715545
mex,Mexico,202006,2020-06,-46.55656565656566,-15.25353535353535,-39.85050505050505,-47.11092171717171,-28.077777777777783,15.426262626262623
mex,Mexico,202007,2020-07,-39.54154447702835,-12.222873900293258,-35.92179863147605,-41.54270527859238,-28.00293255131964,13.94428152492668
mex,Mexico,202008,2020-08,-30.72323232323232,-9.896969696969697,-28.933333333333337,-36.98488005050505,-24.27979797979798,11.830303030303032
