col0,col1,col2,col3,col4,col5,col6,col7,col8,col9,col10,col11,col12,col13,col14,col15,col16,col17,col18,col19,col20,col21,col22,col23,col24,col25,col26,col27,col28,col29
Stencil1__k1_Barts1 ,1,3946,26, {    400       1       1} , NULL ,0.018,0,4, NA ,0,2,8.0,47.75,4.88,1.0,0.0,0.0,1.06,9.79,28.85,1.56,10.71,0.77,0.0,0.0,0.5,0.0,100.0,0.0
Stencil1__k2_Barts1 ,2,3946,28, {    400       1       1} , NULL ,0.017,0,4, NA ,0,2,8.0,47.75,4.88,1.0,0.0,0.0,1.06,9.79,28.85,1.56,10.71,0.77,0.0,0.0,1.0,0.0,100.0,0.0
Stencil1__k1_Barts1 ,3,3946,30, {    400       1       1} , NULL ,0.01722,0,4, NA ,0,2,8.0,47.75,4.88,1.0,0.0,0.0,1.06,9.79,28.85,1.56,10.71,0.76,0.0,0.0,0.5,0.0,100.0,0.0
Stencil1__k2_Barts1 ,4,3946,32, {    400       1       1} , NULL ,0.01789,0,4, NA ,0,2,8.0,47.75,4.88,1.0,0.0,0.0,1.06,9.79,28.85,1.56,10.71,0.77,0.0,0.0,1.0,0.0,100.0,0.0
Stencil1__k1_Barts1 ,5,3946,34, {    400       1       1} , NULL ,0.017,0,4, NA ,0,2,8.0,47.75,4.88,1.0,0.0,0.0,1.06,9.79,28.85,1.56,10.71,0.76,0.0,0.0,0.5,0.0,100.0,0.0
Stencil1__k2_Barts1 ,6,3946,36, {    400       1       1} , NULL ,0.01711,0,4, NA ,0,2,8.0,47.75,4.88,1.0,0.0,0.0,1.02,9.79,28.85,1.56,10.71,0.74,0.0,0.0,1.0,0.0,100.0,0.0
Stencil1__k1_Barts1 ,7,3946,38, {    400       1       1} , NULL ,0.01711,0,4, NA ,0,2,8.0,47.75,4.88,1.0,0.0,0.0,1.06,9.79,28.85,1.56,10.71,0.77,0.0,0.0,0.5,0.0,100.0,0.0
Stencil1__k2_Barts1 ,8,3946,40, {    400       1       1} , NULL ,0.017,0,4, NA ,0,2,8.0,47.75,4.88,1.0,0.0,0.0,1.06,9.79,28.85,1.56,10.71,0.77,0.0,0.0,1.0,0.0,100.0,0.0
