col0,col1,col2,col3,col4,col5,col6,col7,col8,col9,col10,col11,col12,col13,col14,col15,col16,col17,col18,col19,col20,col21,col22
POST,/api/create/random-integer,31375,0,260.0,268.12281387450685,4.359722137451172,15971.961736679075,156.83429482071713,58.11650878730413,0.0,260,360,430,470,520,540,550,560,1600,3600,16000,16000
DELETE,/api/delete/integer/[id],31258,0,260.0,266.9684252786853,4.739284515380859,3612.7305030822754,126.82983556209612,57.89978746369888,0.0,260,360,430,470,520,540,550,560,1600,3500,3600,3600
GET,/api/get/integer/[id],47039,0,260.0,274.6383740070252,4.154205322265625,15902.81367301941,143.86181679032293,87.13123368433462,0.0,260,360,430,470,520,540,560,570,1800,4400,16000,16000
GET,/api/get/integers/100,15595,0,260.0,267.4060068439314,4.207849502563477,3789.497375488281,829.5184353959603,28.886914885673555,0.0,260,360,430,470,530,540,550,560,1500,3600,3800,3800
POST,[INIT]/api/create/random-integers[INIT],180,0,220.0,252.63315704133777,8.364200592041016,1603.5311222076416,99.4,0.3334174209311472,0.0,230,330,410,470,540,560,560,570,1600,1600,1600,1600
,Aggregated,125447,0,260.0,270.16698241160657,4.154205322265625,15971.961736679075,228.0363101548861,232.36786224194236,0.0,260,360,430,470,520,540,550,560,1600,3600,16000,16000
