col0,col1,col2,col3,col4,col5,col6,col7,col8,col9
0.0,0.0,-43250.0829921932,172.34834765665553,1320.2937758653427,10.193035224726486,86500.16598438639,344.69669531331107,m3,key_family + photo_region + home_region + taxa_repeat + photo_region:home_region + (1 | i | item) + (1 | id)
-18.172550689742977,7.280887067647845,-43268.25554288347,172.29766085016115,1333.208017148978,10.485758734082172,86536.51108576694,344.5953217003223,m1,key_family + photo_region + home_region + taxa_repeat + difficulty + photo_region:home_region + (1 | i | item) + (1 | id)
-138.6310507708944,21.21709825183466,-43388.71404296398,170.8066898736489,1293.723279682793,9.693891642240372,86777.42808592795,341.61337974729787,m4,key_family + photo_region + home_region + taxa_repeat + (1 | i | item) + (1 | id)
-160.8969903654624,22.563698692639825,-43410.979982558914,170.7646487184855,1311.3713785271998,9.954672435358518,86821.95996511783,341.529297436971,m2,key_family + photo_region + home_region + taxa_repeat + difficulty + (1 | i | item) + (1 | id)
-1715.3253697190569,64.07783060974613,-44965.40836191236,166.35773090037793,1345.8265429694643,9.314039389253187,89930.81672382473,332.71546180075586,m6,key_family + photo_region + taxa_repeat + (1 | i | item) + (1 | id)
-1729.6974576166435,64.73670021315985,-44979.7804498096,166.366352209081,1346.8793975823498,9.446351269017503,89959.5608996192,332.73270441816203,m5,key_family + photo_region + taxa_repeat + difficulty + (1 | i | item) + (1 | id)
