col0,col1,col2,col3,col4,col5,col6,col7,col8,col9,col10,col11,col12,col13,col14,col15,col16,col17,col18,col19,col20,col21,col22,col23,col24,col25,col26,col27,col28,col29,col30,col31,col32
123123123,John,Doe,-1.70192314,-0.577710656,-1.6754662,-1.31460099,-0.760485069,-0.863658624,-0.922296263,-1.12053548,-0.145396439,0.33514449,-0.95262049,-0.482373136,-0.922650896,-0.778098156,0.629704263,-0.494202527,-0.505039637,-0.9288121130000001,0.618791451,-0.433843466,-1.54870207,-0.611233622,-1.52200003,-1.16858824,-0.119638756,-0.75680817,-0.967468922,-1.35676056,0.355936613,-0.523063727
456464645,Jane,Doe,0.105100799,0.896873938,0.0555295215,0.00199540154,-0.700389595,-0.7287803379999999,-0.07496175339999998,0.08483616619999998,-0.657288036,-1.18857818,0.0217464757,0.70157553,0.00785502926,-0.180971144,0.413324626,-0.440105637,0.0487841753,0.597721317,-0.35687749,-0.330786908,-0.124984074,0.94873716,-0.173664623,-0.2390186,-0.0535794054,-0.609141907,-0.0304868576,0.316180405,-0.650021723,-0.839552398
345789045,John,Smith,-0.010589366,1.01575518,0.0104728416,-0.151626476,-0.128016848,0.521519959,0.268855248,0.391633685,1.53447317,0.237020675,0.0405276431,1.08662821,0.324840564,-0.22935757,1.26037174,0.668880614,0.140729383,0.676816313,2.87078511,0.345677766,0.0981888326,1.45112775,0.210373943,-0.143359399,1.0341979,1.02441613,0.473606663,0.942812562,2.94932283,1.05164693
34567123,Jane,Smith,-0.0754887268,-0.529700925,-0.0485104484,-0.175238728,0.969091991,0.468969978,0.0993136037,0.07839625179999998,0.355680546,-0.187715267,0.0566794471,-0.741842118,-0.171599685,-0.115252267,-0.233505356,0.0879025524,-0.0342432702,0.234814863,0.0198196313,-0.393547995,0.000159612056,-0.593633952,0.00335315364,-0.116877473,0.827211931,0.499014294,0.221324125,0.338939442,0.296668367,-0.220383461
34450989,John&Jane,Doe&Smith,0.00634090203,0.636249684,0.155883036,-0.0520567406,0.624642323,1.88781947,1.5394833,0.956027778,0.503480232,1.44114006,1.1031661,0.067475021,1.26506056,0.487531865,0.7745071,2.55438264,1.12814097,1.0195613,-0.403672163,0.825300848,0.267132808,0.596743753,0.333386297,0.123621648,1.39091839,2.4667991,1.9722121,0.962537061,-0.0621447976,1.63712335
