col0,col1,col2,col3,col4,col5,col6,col7,col8,col9,col10,col11,col12,col13,col14
0.0482193253235738,0.0110066527530732,-1.0848661175431504,0.5967352717695669,-1.6389781866642077,-0.033674208968292,-0.0224549938777951,0.2693808767850217,,,,,,,alcohol
0.0482193253235738,0.0023392980784207,0.4293238222348476,-0.1640765292706618,0.6541944044981107,0.0131991717709405,0.0530673230403616,-0.0798337104938458,,,,,,,alcohol
0.0482193253235738,0.0121800990425915,,,0.9209854614391452,-0.1722843211811957,0.2034145387413919,-0.5371446553569185,,,,,,,alcohol
0.0482193253235738,0.0012619579018818,0.3253698963673394,-0.1262630749428548,0.4871259350493651,0.0219944996428033,0.0277279068243636,-0.0409528299729002,,,,,,,alcohol
0.0482193253235738,0.0013617550437787,0.1168694370876567,-0.1088965757949639,0.4144604114325543,-0.0120120690959624,0.0386271055270254,-0.1089259497447582,,,,,,,alcohol
0.0482193253235738,0.0017822649675166,-0.4209081327115583,0.1767826312290482,-0.5655422684804894,-0.0012208398535138,-0.0204232892468178,0.1073096575314479,,,,,,,alcohol
0.0482193253235738,0.0006214854899642,-0.1536717019322817,0.0954824481711349,-0.3288443441186612,-0.007511322940057,-0.0104555715328717,0.0497433339773427,,,,,,,alcohol
