col0,col1,col2,col3,col4,col5,col6,col7
1237662306722447498,203.833732493514,41.001144840024,5300949062856998912,203.83372,41.001146,0.2283087,3.139327e-05
1237662306722447506,203.826629761326,40.9972396415128,1648345553022511104,203.8266,40.997259,0.241427,3.385718e-05
1237662306722447892,203.818270411953,41.0131479015817,1648451655894591488,203.81826,41.013161,0.2380925,5.570007e-05
1237662306722447737,203.842926491206,41.027972825352,1648450281505056768,203.84292,41.027986,0.04661915,2.023974e-05
1237662306722447697,203.78652495384,41.0208761158415,5300936968229093376,203.78652,41.020877,0.2406701,3.814161e-05
1237662306722447709,203.786547614321,40.9867779521869,1648361495941113856,203.78655,40.986786,0.2391876,4.546738e-05
1237662306722447725,203.831969046117,41.0416844049005,1648453854917847040,203.83197,41.041708,0.2235317,4.328246e-05
1237662306722447729,203.83037561989,41.0458215697969,5300943840176766976,203.83037,41.045823,0.6963952,0.0001198834
