col0,col1,col2,col3,col4,col5,col6,col7,col8
trans_id,1.0,0.5228300496676785,-0.2203399356516697,0.0288757137179587,0.4742871256997737,0.8352915293991163,0.8414511312320141,0.0545737432040155
account_id,0.5228300496676785,1.0,0.025829382873738,0.1089669270195343,0.0482791671484341,0.0881693755869897,0.1646239749937339,0.0521321713706829
trans_amount,-0.2203399356516697,0.025829382873738,1.0,0.3947460856415852,0.1938997112877383,0.5311580367062264,0.4949401219382614,0.0166390528769489
balance_after_trans,0.0288757137179587,0.1089669270195343,0.3947460856415852,1.0,0.1241917052947513,0.2300618818261721,0.1781853887887315,0.1239353230100609
trans_type,0.4742871256997737,0.0482791671484341,0.1938997112877383,0.1241917052947513,1.0,0.4591498022313355,0.2502045245969269,0.0314960123854829
trans_operation,0.8352915293991163,0.0881693755869897,0.5311580367062264,0.2300618818261721,0.9044741348299756,1.0,0.6177492339768428,0.0930897099137863
trans_k_symbol,0.8414511312320141,0.1646239749937339,0.4949401219382614,0.1781853887887315,0.4820483704707144,0.6041794163417048,1.0,0.1079448784316007
trans_date,0.0545737432040155,0.0521321713706829,0.0166390528769489,0.1239353230100609,0.0314960123854829,0.0930897099137863,0.1079448784316007,1.0
