col0,col1,col2,col3,col4,col5,col6,col7,col8,col9,col10,col11,col12,col13,col14,col15,col16,col17,col18
1,TRUNCATION_2PERCENT,MOBILE_MEDIA_V5_TO_V6,0,-1,0.99969482421875,0.9999237060546876,8.0,5.0,8.0,0.0,8.0,3.0,3.0,19,5367,0.9998386806911892,0.9999237060546876,0
2,TRUNCATION_5PERCENT,MOBILE_MEDIA_V5_TO_V6,0,-1,0.99969482421875,0.999919891357422,9.0,5.0,9.0,0.0,9.0,3.0,3.0,19,3424,0.999851353963216,0.999919891357422,0
3,TRUNCATION_10PERCENT,MOBILE_MEDIA_V5_TO_V6,0,-1,0.99969482421875,0.9999237060546876,8.0,5.0,8.0,0.0,8.0,3.0,3.0,19,3373,0.9998321957058376,0.9999237060546876,0
4,ROULETTE_WHEEL_ADQ,MOBILE_MEDIA_V5_TO_V6,0,-1,0.99969482421875,0.9999046325683594,8.0,5.0,12.0,0.0,8.0,3.0,3.0,19,3316,0.9967115614149306,0.9999046325683594,0
5,RANK_ADQ,MOBILE_MEDIA_V5_TO_V6,0,-1,0.99969482421875,0.9999351501464844,7.0,5.0,7.0,0.0,7.0,3.0,3.0,19,3490,0.9998760647243924,0.9999351501464844,0
6,RANDOM,MOBILE_MEDIA_V5_TO_V6,0,-1,0.99969482421875,0.999919891357422,9.0,5.0,9.0,0.0,9.0,3.0,3.0,3,586,0.9989388465881348,0.999919891357422,0
